{
  "files": {
    "original_vtp": "cube_dense_large_500.vtp",
    "reconstructed_vtp": "experiment_confidence_more_points/reconstructed.vtp",
    "encoded_dir": "experiment_confidence_more_points/encoded_hologram"
  },
  "point_counts": {
    "original": 1494008,
    "reconstructed": 960828
  },
  "file_sizes_bytes": {
    "original_vtp": 82189820,
    "reconstructed_vtp": 8978349,
    "encoded_dir_total": 24060716
  },
  "compression": {
    "compression_ratio_original_vtp_over_encoded": 3.4159340894094754,
    "encoded_size_percent_of_original_vtp": 29.274569526980347
  },
  "geometry": {
    "bbox_diagonal": 3.4641016151377544,
    "estimated_original_spacing": 0.004008016000000003,
    "original_to_reconstructed": {
      "mean": 0.0056467516383508385,
      "mae": 0.0056467516383508385,
      "rmse": 0.006038331665435309,
      "p50": 0.005215024393485233,
      "p90": 0.008782105603882097,
      "p95": 0.009796030192674962,
      "p99": 0.010916335314002965,
      "max": 0.02135489019849116,
      "rmse_percent_bbox_diag": 0.17431162062476585,
      "max_percent_bbox_diag": 0.6164625802306886
    },
    "reconstructed_to_original": {
      "mean": 0.013136848031965648,
      "mae": 0.013136848031965648,
      "rmse": 0.017385644692150478,
      "p50": 0.009704084176221813,
      "p90": 0.030692613516157635,
      "p95": 0.03773316172183001,
      "p99": 0.05185115432298395,
      "max": 0.16462268280415956,
      "rmse_percent_bbox_diag": 0.5018803321524133,
      "max_percent_bbox_diag": 4.752247511584995
    },
    "chamfer_l2_squared": 0.0003387220906634988,
    "hausdorff_max_symmetric": 0.16462268280415956,
    "hausdorff_95_symmetric": 0.03773316172183001,
    "precision_recall_f1": {
      "threshold_0.004008016": {
        "threshold": 0.004008016000000003,
        "precision_reconstructed_to_original_percent": 21.156752301140266,
        "recall_original_to_reconstructed_percent": 26.708491520795068,
        "f1_percent": 23.610657517738666
      },
      "threshold_0.008016032": {
        "threshold": 0.008016032000000006,
        "precision_reconstructed_to_original_percent": 40.91117244709771,
        "recall_original_to_reconstructed_percent": 84.30169048626246,
        "f1_percent": 55.088285919923784
      },
      "threshold_0.008660254038": {
        "threshold": 0.008660254037844387,
        "precision_reconstructed_to_original_percent": 40.91117244709771,
        "recall_original_to_reconstructed_percent": 89.20039250124498,
        "f1_percent": 56.094823567963125
      },
      "threshold_0.01732050808": {
        "threshold": 0.017320508075688773,
        "precision_reconstructed_to_original_percent": 72.71478349923191,
        "recall_original_to_reconstructed_percent": 99.9983266488533,
        "f1_percent": 84.20156022108716
      },
      "threshold_0.02004008": {
        "threshold": 0.020040080000000016,
        "precision_reconstructed_to_original_percent": 80.32447014450037,
        "recall_original_to_reconstructed_percent": 99.99973226381653,
        "f1_percent": 89.0887124568037
      },
      "threshold_0.03464101615": {
        "threshold": 0.034641016151377546,
        "precision_reconstructed_to_original_percent": 94.87941650326593,
        "recall_original_to_reconstructed_percent": 100.0,
        "f1_percent": 97.37243491964908
      },
      "threshold_0.04008016": {
        "threshold": 0.04008016000000003,
        "precision_reconstructed_to_original_percent": 97.53171223153365,
        "recall_original_to_reconstructed_percent": 100.0,
        "f1_percent": 98.75043468176291
      },
      "threshold_0.0692820323": {
        "threshold": 0.06928203230275509,
        "precision_reconstructed_to_original_percent": 99.80579250396534,
        "recall_original_to_reconstructed_percent": 100.0,
        "f1_percent": 99.90280186890442
      }
    },
    "voxel_iou": {
      "voxel_iou_128": 25.539069575957186,
      "voxel_iou_256": 18.00609971758974
    },
    "cube_surface_metrics": {
      "outside_original_bbox_percent": 45.07612184490877,
      "distance_to_nearest_cube_face_mean": 0.012801326675585648,
      "distance_to_nearest_cube_face_p95": 0.03276762402088784,
      "distance_to_nearest_cube_face_p99": 0.051827676240208786,
      "distance_to_nearest_cube_face_max": 0.16462140992167096
    }
  }
}